{
    "Read Tangle": 42.98987605056691,
    "CJR": 43.17445253489011,
    "CNN": 42.09290150484056,
    "Fox News": 35.14233784286285,
    "Vox": 40.00593941176959,
    "Politico": 42.41466758260109,
    "The Dispatch": 41.07907206351291,
    "Outkick": 27.383101165997484,
    "Poynter": 41.501184886408765,
    "The Daily Signal": 22.963732720270166,
    "Time": 41.07737209939205,
    "RT": 28.622197535163238,
    "The Guardian": 40.77751426481436,
    "The New York Times": 41.86774614735639,
    "Bloomberg": 43.601842216938905,
    "Breitbart": 32.02785319466426,
    "NPR": 43.18844022266587,
    "Washington Examiner": 34.355758965320284,
    "Mother Jones": 38.046857611596764,
    "The Root": 26.38800934621164,
    "FiveThirtyEight": 42.78289504224299,
    "Reason": 36.43374024728361,
    "The Hill": 42.083670950417,
    "Slate": 34.992436949795284,
    "InfoWars": 14.816816912896327,
    "Newsday": 46.76942973072519,
    "Bipartisan Report": 25.08757122715872,
    "American Liberty": 10.772810136424955,
    "The Post & Email": 15.18079708209859,
    "Climate News": 19.546684688256867,
    "Arkansas Online": 45.09726973672483,
    "Turning Point USA": 20.558784969387588,
    "City Journal": 34.90622950526802,
    "The Center Square": 42.11504886331657,
    "Daily Mail": 32.184300910098905,
    "LA Times": 42.87189866463761,
    "Heritage Foundation": 28.636357600539633,
    "Business Insider": 40.59363683058009,
    "Mercola": 14.494003679237194,
    "Newsmax": 30.85489143765654,
    "OANN": 27.661449435703958,
    "Occupy Democrats": 25.260031069550067,
    "The Daily Wire": 31.752392457731077,
    "Natural News": 9.233089831788332,
    "The Washington Post": 39.545803679415364,
    "Activist Post": 17.497210448637993,
    "CBS News": 41.65636206153199,
    "CBS": 41.65636206153199,
    "Big League Politics": 18.039968598763814,
    "Bill O'Reilly": 21.677965719966046,
    "Before It's News": 6.187083676136704,
    "Teen Vogue": 37.74314431626746,
    "Chicago Sun-Times": 45.38973428282209,
    "The Christian Science Monitor": 44.43006319992768,
    "CNBC": 43.80690411538807,
    "The New Republic": 30.93373917430131,
    "American Greatness": 18.893839373958954,
    "BBC": 44.68264310278308,
    "The Week": 35.21956116155195,
    "The Federalist": 22.210538357803394,
    "Houston Chronicle": 46.614855713898685,
    "TMZ": 35.49461790779236,
    "Zero Hedge": 20.743066177361612,
    "The Bulwark": 34.306560758319144,
    "RealClearPolitics": 26.584377605658965,
    "Judicial Watch": 23.602967637249492,
    "The Weather Channel": 46.331682061840034,
    "AP News": 45.53538936436065,
    "Deseret News": 42.24504818091852,
    "Reuters": 45.57403126769469,
    "MSNBC": 34.37565669130668,
    "World Socialist Web Site": 30.221431226786763,
    "CNN Situation Room": 41.996632663305284,
    "CNN AC 360": 33.1708237389605,
    "Fox & Friends": 30.623659458850376,
    "Hannity": 17.663005308639384,
    "The Ingraham Angle": 19.972224167982517,
    "The Last Word": 28.20742422661989,
    "Special Report": 44.287891834383984,
    "The Rachel Maddow Show": 36.67020010956201,
    "All In with Chris Hayes": 22.204867502473476,
    "The Young Turks": 25.357929572902933,
    "TYT Conversation": 21.314208344192988,
    "CBS Evening News": 49.06481719762529,
    "The Wall Street Journal": 43.2986368555684,
    "The ReidOut": 23.685498419504317,
    "Newsweek": 37.98974198082279,
    "ABC News": 45.2517405199305,
    "Foreign Policy": 42.32371046399663,
    "NBC News": 43.56200593683452,
    "USA Today": 41.138866527165206,
    "National Review": 30.92295636078905,
    "New York Post": 32.6264794335628,
    "Al Jazeera": 41.56501670348037,
    "AlterNet": 26.9906714872957,
    "The Gateway Pundit": 14.894640115559604,
    "Townhall": 24.894358039350813,
    "Jezebel": 29.156013920119477,
    "The Atlantic": 38.44698920610467,
    "Rolling Stone": 25.987690680641272,
    "MarketWatch": 41.364800382183184,
    "Axios": 43.413169577164,
    "The Blaze": 33.27583853800925,
    "Wired": 36.58177994869139,
    "New York Daily News": 40.42847591271469,
    "HuffPost": 37.79011201803378,
    "The Nation": 31.846317511469188,
    "The Daily Beast": 33.94922723925892,
    "The Daily Caller": 31.44824408995155,
    "Daily Kos": 27.3358907805331,
    "The New Yorker": 40.88276766694825,
    "Voice of America": 46.24514364347809,
    "The Economist": 42.34414361257614,
    "Democracy Now!": 31.640858396504356,
    "Quillette": 37.48450479399175,
    "Rasmussen Reports": 33.942511334341056,
    "NewsBusters": 19.814077414065697,
    "Salon": 32.38643142358121,
    "The American Spectator": 20.321934156291924,
    "Talking Points Memo": 37.92488668845349,
    "RedState": 21.807033295477353,
    "ProPublica": 47.07550917912217,
    "PBS": 43.91776133607157,
    "Truthout": 30.499806733543167,
    "Twitchy": 17.66776475043952,
    "Vanity Fair": 33.159883987423086,
    "Vice News": 38.9152787407065,
    "Washington Monthly": 32.00778103309589,
    "PragerU": 23.09219862048512,
    "The Boston Globe": 43.49041344406533,
    "CNS News": 34.15631321536283,
    "Common Dreams": 38.90684304098075,
    "Consortium News": 24.164932423256552,
    "Independent Journal Review": 25.769818087246307,
    "Inquisitr": 32.42044044732035,
    "In These Times": 34.82291013435716,
    "Miami Herald": 42.82592892866157,
    "UPI": 45.457634710683806,
    "U.S. News & World Report": 43.936645410956885,
    "CounterPunch": 20.954226933627773,
    "Crooks and Liars": 25.950073450656966,
    "Hill Reporter": 32.51475037311855,
    "The Intercept": 37.53065384091725,
    "Jacobin": 31.643081824439562,
    "The American Independent": 38.339378082275545,
    "Scripps News": 44.45423482171602,
    "Financial Times": 44.425718712715934,
    "The Fiscal Times": 44.79960501616841,
    "The Grio": 39.501706232535554,
    "The Dallas Morning News": 43.763466202196355,
    "The People's Voice": 14.231065562460376,
    "Palmer Report": 18.033013084589896,
    "Boston Herald": 36.07670930014329,
    "CBN": 34.06802919610082,
    "PJ Media": 18.64617886954999,
    "The Five": 25.58289153207633,
    "60 Minutes": 34.249677360464325,
    "Journal Editorial Report": 39.844235412090846,
    "The Alex Jones Show": 6.627936274636631,
    "Forbes": 40.27939242556321,
    "Fortune": 37.92392438589321,
    "Washington Free Beacon": 26.263020663972917,
    "The Washington Times": 36.023936372514726,
    "Wonkette": 17.35612529923408,
    "WorldNetDaily": 15.501974005835176,
    "The Forward": 40.4070037167523,
    "The Epoch Times": 23.99201641127058,
    "The Advocate": 37.57009541885857,
    "Christianity Today": 41.55365549585592,
    "The Independent": 38.53872263887569,
    "The Western Journal": 23.05087119996467,
    "Raw Story": 31.13428184438107,
    "Vogue": 38.89660969226823,
    "Mediaite": 38.76235785288321,
    "Air Force Times": 45.96653768025243,
    "Glenn Beck": 21.099131251853215,
    "Detroit Free Press": 43.4149401317605,
    "BNO News": 46.46904848415001,
    "The Verge": 39.38093585622544,
    "Newser": 36.563775714277305,
    "Right Wing Watch": 26.929388798929317,
    "Sky News": 42.116054922542226,
    "The Mirror": 26.76515114144533,
    "11Alive": 45.69940293381697,
    "Fox Business": 38.88192024113303,
    "Just the News": 33.01691235001861,
    "The College Fix": 32.529568553775704,
    "AFP": 47.10188143580233,
    "Barron's": 45.20677403131508,
    "Foreign Affairs": 44.5156268049302,
    "CNET": 39.97171996062736,
    "The Grayzone": 17.839269485210547,
    "NewsNation": 44.171749199013405,
    "Cosmopolitan": 23.388389109759864,
    "Upworthy": 40.092559197132005,
    "PolitiFact": 44.62116485506488,
    "The Spectator": 28.26078439886713,
    "The New York Sun": 31.057607540942875,
    "The Globe and Mail": 43.993368856673456,
    "National Catholic Register": 22.3438856354408,
    "The Christian Post": 36.241704091562816,
    "Rebel News": 30.223730480826177,